-- phpMyAdmin SQL Dump
-- version 5.1.1
-- https://www.phpmyadmin.net/
--
-- Хост: 127.0.0.1:3306
-- Время создания: Сен 23 2023 г., 21:00
-- Версия сервера: 8.0.24
-- Версия PHP: 8.0.14

SET SQL_MODE = "NO_AUTO_VALUE_ON_ZERO";
START TRANSACTION;
SET time_zone = "+00:00";


/*!40101 SET @OLD_CHARACTER_SET_CLIENT=@@CHARACTER_SET_CLIENT */;
/*!40101 SET @OLD_CHARACTER_SET_RESULTS=@@CHARACTER_SET_RESULTS */;
/*!40101 SET @OLD_COLLATION_CONNECTION=@@COLLATION_CONNECTION */;
/*!40101 SET NAMES utf8mb4 */;

--
-- База данных: `thank`
--

-- --------------------------------------------------------

--
-- Структура таблицы `department`
--

CREATE TABLE `department` (
  `id` int UNSIGNED NOT NULL,
  `name` varchar(255) NOT NULL,
  `parent` int UNSIGNED DEFAULT NULL
) ENGINE=InnoDB DEFAULT CHARSET=utf8mb4 COLLATE=utf8mb4_0900_ai_ci;

--
-- Дамп данных таблицы `department`
--

INSERT INTO `department` (`id`, `name`, `parent`) VALUES
(1, 'Отдел кадров', 13),
(2, 'Хозяйственный отдел (группа)', 15),
(3, 'Служба охраны труда и техники безопасности', 15),
(4, 'Технический отдел', 15),
(5, 'Энергетическая служба', 15),
(6, 'Ремонтная служба', 15),
(7, 'Ремонтно-строительный участок', 15),
(8, 'Производственная (технологическая) лаборатория', 15),
(9, 'Планово-экономический отдел', 17),
(10, 'Группа по финансированию', 17),
(11, 'Отдел сырья и сбыта', 15),
(12, 'Цех (участок) погрузочно-разгрузочных работ', 15),
(13, 'Общее (линейное) оперативное и техническое общезаводское руководство', NULL),
(15, 'Общезаводское производственное руководство', 13),
(17, 'Финансовый директорат', 13);

-- --------------------------------------------------------

--
-- Структура таблицы `thank`
--

CREATE TABLE `thank` (
  `id` int UNSIGNED NOT NULL,
  `user_from_id` int UNSIGNED NOT NULL,
  `user_to_id` int UNSIGNED NOT NULL,
  `date` date NOT NULL
) ENGINE=InnoDB DEFAULT CHARSET=utf8mb4 COLLATE=utf8mb4_0900_ai_ci;

--
-- Дамп данных таблицы `thank`
--

INSERT INTO `thank` (`id`, `user_from_id`, `user_to_id`, `date`) VALUES
(1, 13, 1, '2023-09-14'),
(2, 15, 3, '2014-11-05'),
(3, 1, 11, '1981-04-06'),
(4, 8, 2, '2016-02-09'),
(5, 3, 14, '2010-12-05'),
(6, 13, 1, '1993-03-16'),
(7, 13, 2, '2009-01-10'),
(8, 6, 11, '2020-11-02'),
(9, 13, 10, '1996-12-11'),
(10, 2, 4, '1998-04-15'),
(11, 8, 13, '2000-10-05'),
(12, 3, 5, '1976-08-24'),
(13, 1, 9, '2013-03-18'),
(14, 12, 14, '2009-08-14'),
(15, 2, 15, '2003-04-16'),
(16, 4, 10, '1995-01-24'),
(17, 7, 15, '1977-01-31'),
(18, 11, 1, '2008-09-08'),
(19, 15, 1, '1974-01-16'),
(20, 2, 7, '1992-08-24'),
(21, 2, 2, '1971-02-07'),
(22, 1, 15, '1973-04-27'),
(23, 11, 13, '1984-03-19'),
(24, 3, 11, '2008-03-02'),
(25, 4, 4, '1992-10-25'),
(26, 2, 1, '2014-08-02'),
(27, 1, 4, '2010-08-19'),
(28, 5, 2, '1990-04-18'),
(29, 12, 6, '1993-12-09'),
(30, 7, 13, '2012-10-17'),
(31, 5, 2, '1971-10-15'),
(32, 3, 13, '2012-08-19'),
(33, 9, 11, '1977-07-27'),
(34, 6, 11, '1982-09-06'),
(35, 4, 13, '2022-06-12'),
(36, 14, 11, '1991-01-23'),
(37, 5, 9, '2003-07-29'),
(38, 10, 11, '1980-10-14'),
(39, 13, 11, '1978-01-25'),
(40, 15, 8, '1987-03-12'),
(41, 1, 9, '2018-06-16'),
(42, 4, 3, '1990-08-12'),
(43, 1, 10, '1994-07-16'),
(44, 1, 3, '2023-01-18'),
(45, 15, 13, '2011-12-15'),
(46, 11, 5, '2006-04-22'),
(47, 11, 13, '1990-07-25'),
(48, 5, 15, '2008-04-29'),
(49, 4, 2, '1978-12-02'),
(50, 3, 1, '2003-09-04'),
(51, 14, 12, '2012-01-19'),
(52, 6, 12, '1996-02-25'),
(53, 10, 6, '2018-01-27'),
(54, 13, 8, '2012-10-30'),
(55, 13, 7, '1990-06-08'),
(56, 12, 11, '2017-12-13'),
(57, 4, 7, '1981-11-22'),
(58, 12, 5, '1978-04-23'),
(59, 2, 3, '1997-03-23'),
(60, 6, 11, '1978-05-14'),
(61, 9, 14, '1987-02-09'),
(62, 10, 10, '1976-07-04'),
(63, 15, 13, '1999-05-10'),
(64, 11, 2, '1985-11-06'),
(65, 3, 9, '1989-06-05'),
(66, 4, 1, '2002-02-22'),
(67, 9, 3, '1996-09-30'),
(68, 1, 15, '1987-03-26'),
(69, 2, 3, '1975-09-25'),
(70, 9, 15, '2001-11-23'),
(71, 14, 15, '1976-01-05'),
(72, 8, 9, '2018-09-04'),
(73, 4, 12, '2021-03-25'),
(74, 1, 4, '1970-08-06'),
(75, 15, 1, '2008-08-20'),
(76, 13, 6, '2001-09-14'),
(77, 1, 9, '1977-07-07'),
(78, 11, 11, '1985-02-17'),
(79, 11, 4, '1975-04-08'),
(80, 4, 6, '1982-06-28'),
(81, 2, 5, '2000-04-11'),
(82, 13, 10, '2011-04-07'),
(83, 14, 3, '2001-08-14'),
(84, 3, 4, '1975-12-10'),
(85, 5, 7, '1996-05-25'),
(86, 13, 4, '2021-08-05'),
(87, 14, 3, '2006-08-10'),
(88, 9, 2, '1989-06-10'),
(89, 15, 10, '2011-08-29'),
(90, 2, 15, '1999-05-24'),
(91, 9, 9, '1974-11-04'),
(92, 12, 9, '2021-02-18'),
(93, 5, 4, '2000-01-15'),
(94, 11, 9, '2017-02-05'),
(95, 8, 6, '2001-11-25'),
(96, 13, 15, '2015-04-09'),
(97, 10, 5, '1994-12-27'),
(98, 9, 8, '2023-05-26'),
(99, 1, 9, '1989-01-26'),
(100, 15, 2, '2011-12-11'),
(101, 12, 15, '1999-08-25'),
(102, 1, 9, '2020-07-05'),
(103, 11, 13, '2008-04-15'),
(104, 12, 4, '2015-05-14'),
(105, 4, 6, '1980-06-04'),
(106, 7, 6, '1984-11-16'),
(107, 1, 14, '1980-07-14'),
(108, 13, 10, '1997-06-11'),
(109, 1, 1, '1976-07-19'),
(110, 9, 11, '2017-04-13'),
(111, 1, 8, '1987-01-16'),
(112, 10, 10, '1984-09-05'),
(113, 15, 10, '1983-01-13'),
(114, 7, 5, '2001-11-22'),
(115, 2, 6, '1996-09-14'),
(116, 4, 14, '1993-07-23'),
(117, 12, 11, '2012-11-21'),
(118, 12, 13, '2006-05-04'),
(119, 15, 1, '1987-07-20'),
(120, 15, 12, '2004-10-28'),
(121, 11, 13, '2023-05-27'),
(122, 11, 9, '2006-10-17'),
(123, 9, 3, '1985-01-22'),
(124, 2, 12, '1993-11-04'),
(125, 2, 15, '2019-06-19'),
(126, 14, 4, '2022-12-25'),
(127, 14, 7, '1975-02-17'),
(128, 15, 9, '1988-12-14'),
(129, 2, 6, '1974-03-13'),
(130, 9, 13, '1973-12-30'),
(131, 8, 13, '1999-02-20'),
(132, 5, 3, '2006-09-12'),
(133, 15, 12, '2012-03-22'),
(134, 7, 12, '2002-03-31'),
(135, 15, 12, '1982-02-12'),
(136, 9, 7, '2014-01-06'),
(137, 3, 11, '2018-12-18'),
(138, 13, 6, '2014-02-27'),
(139, 12, 10, '1988-05-01'),
(140, 11, 3, '1995-08-14'),
(141, 10, 14, '2022-02-02'),
(142, 11, 4, '1980-12-06'),
(143, 1, 1, '2012-01-06'),
(144, 4, 15, '2011-03-25'),
(145, 4, 15, '2000-12-02'),
(146, 5, 13, '1990-06-21'),
(147, 4, 2, '2003-10-05'),
(148, 13, 7, '1987-07-11'),
(149, 10, 10, '2017-05-21'),
(150, 15, 13, '2011-04-16'),
(151, 15, 12, '2003-02-26'),
(152, 12, 12, '2001-10-07'),
(153, 7, 5, '1997-02-02'),
(154, 2, 4, '1976-06-26'),
(155, 1, 5, '2010-02-24'),
(156, 5, 2, '2021-01-07'),
(157, 7, 5, '2015-01-25'),
(158, 12, 7, '1970-07-20'),
(159, 4, 13, '1975-09-18'),
(160, 8, 4, '2019-08-17'),
(161, 10, 15, '1973-09-05'),
(162, 1, 1, '1990-01-03'),
(163, 5, 9, '1981-10-30'),
(164, 5, 7, '2009-03-09'),
(165, 9, 2, '1989-10-16'),
(166, 7, 10, '1977-10-04'),
(167, 9, 15, '1984-12-09'),
(168, 14, 1, '2015-11-03'),
(169, 11, 13, '1994-01-01'),
(170, 5, 8, '1993-07-11'),
(171, 15, 2, '1998-07-18'),
(172, 9, 6, '1977-03-29'),
(173, 13, 13, '2014-04-15'),
(174, 2, 15, '1986-08-18'),
(175, 5, 10, '2008-04-17'),
(176, 8, 5, '2012-07-30'),
(177, 9, 14, '1986-12-17'),
(178, 11, 10, '2018-10-10'),
(179, 4, 13, '1982-09-02'),
(180, 6, 4, '2007-05-06'),
(181, 4, 13, '1975-11-17'),
(182, 5, 3, '2018-10-21'),
(183, 13, 9, '1980-03-09'),
(184, 14, 7, '2014-05-16'),
(185, 2, 3, '2009-07-10'),
(186, 8, 12, '2001-11-14'),
(187, 7, 14, '1999-01-25'),
(188, 1, 15, '2010-07-27'),
(189, 5, 1, '2010-08-02'),
(190, 1, 10, '1993-06-15'),
(191, 4, 3, '1985-08-21'),
(192, 11, 8, '2018-09-05'),
(193, 13, 11, '2005-09-11'),
(194, 7, 11, '1989-12-21'),
(195, 5, 2, '2002-12-22'),
(196, 9, 2, '1980-08-14'),
(197, 12, 15, '2023-07-03'),
(198, 1, 7, '1986-12-12'),
(199, 10, 11, '2015-06-22'),
(200, 10, 15, '2018-07-07'),
(201, 4, 14, '2000-01-26'),
(202, 14, 13, '1978-02-25'),
(203, 8, 8, '2021-04-02'),
(204, 3, 1, '2003-05-08'),
(205, 15, 7, '1973-07-22'),
(206, 6, 13, '1998-11-27'),
(207, 15, 11, '2007-02-01'),
(208, 11, 10, '2008-10-30'),
(209, 11, 8, '1989-10-10'),
(210, 9, 10, '2015-11-04'),
(211, 15, 1, '2007-09-08'),
(212, 11, 12, '1985-03-04'),
(213, 2, 13, '1992-03-01'),
(214, 13, 5, '2019-01-30'),
(215, 6, 7, '2001-09-07'),
(216, 11, 5, '1980-01-20'),
(217, 5, 7, '2004-11-14'),
(218, 8, 6, '2021-12-12'),
(219, 4, 15, '1983-01-22'),
(220, 12, 9, '2001-12-28'),
(221, 8, 15, '1992-04-22'),
(222, 1, 8, '1997-01-14'),
(223, 6, 7, '2018-09-17'),
(224, 10, 5, '1997-01-07'),
(225, 2, 15, '1999-11-08'),
(226, 7, 2, '1997-05-23'),
(227, 11, 12, '1978-11-08'),
(228, 12, 4, '1978-10-09'),
(229, 7, 10, '2017-06-27'),
(230, 6, 9, '1984-02-24'),
(231, 2, 2, '1992-02-07'),
(232, 8, 10, '1987-07-26'),
(233, 2, 10, '1975-05-21'),
(234, 10, 1, '2015-01-21'),
(235, 10, 1, '1990-09-28'),
(236, 1, 5, '1997-11-03'),
(237, 12, 2, '2005-03-29'),
(238, 4, 10, '1991-02-21'),
(239, 2, 12, '2022-05-08'),
(240, 7, 12, '1982-11-20'),
(241, 9, 13, '2017-07-20'),
(242, 5, 14, '1990-12-30'),
(243, 7, 3, '1992-12-26'),
(244, 15, 2, '1997-07-02'),
(245, 3, 1, '2017-08-15'),
(246, 11, 8, '1997-01-05'),
(247, 7, 12, '1986-01-06'),
(248, 9, 10, '1998-07-17'),
(249, 7, 3, '2009-10-28'),
(250, 3, 5, '1981-11-03'),
(251, 3, 13, '2021-03-17'),
(252, 1, 13, '2016-02-25'),
(253, 2, 14, '1972-11-23'),
(254, 13, 10, '1990-11-10'),
(255, 6, 10, '2017-06-15'),
(256, 4, 7, '2002-12-08'),
(257, 12, 14, '2007-03-22'),
(258, 5, 12, '2008-09-26'),
(259, 13, 14, '2022-08-17'),
(260, 6, 4, '1972-03-31'),
(261, 10, 4, '1970-02-19'),
(262, 8, 11, '1993-05-07'),
(263, 2, 10, '1999-12-28'),
(264, 7, 9, '2003-07-10'),
(265, 7, 4, '1982-08-29'),
(266, 2, 6, '2021-04-13'),
(267, 11, 13, '1986-11-17'),
(268, 2, 8, '1989-03-31'),
(269, 10, 12, '1988-06-18'),
(270, 10, 11, '1977-10-21'),
(271, 2, 9, '1972-01-08'),
(272, 13, 8, '1981-07-28'),
(273, 1, 11, '1992-06-23'),
(274, 1, 13, '1985-04-23'),
(275, 12, 10, '1994-12-16'),
(276, 12, 14, '1984-07-07'),
(277, 5, 8, '1994-12-17'),
(278, 14, 11, '1978-11-26'),
(279, 4, 2, '1994-07-13'),
(280, 2, 13, '2015-06-07'),
(281, 11, 10, '2008-05-25'),
(282, 4, 15, '2001-01-12'),
(283, 3, 1, '2000-02-29'),
(284, 12, 12, '1979-03-20'),
(285, 5, 15, '2023-08-11'),
(286, 8, 5, '1994-01-14'),
(287, 3, 12, '2009-05-23'),
(288, 10, 2, '2020-09-04'),
(289, 6, 13, '2016-01-11'),
(290, 1, 8, '1999-01-03'),
(291, 13, 11, '1979-07-09'),
(292, 2, 9, '1974-03-01'),
(293, 1, 14, '1991-12-01'),
(294, 12, 6, '1995-11-11'),
(295, 3, 5, '2016-03-15'),
(296, 13, 12, '1970-01-03'),
(297, 8, 9, '2001-09-27'),
(298, 6, 12, '2013-02-24'),
(299, 2, 3, '1984-04-12'),
(300, 3, 5, '2016-12-22'),
(301, 6, 12, '2009-07-10'),
(302, 1, 10, '1977-11-05'),
(303, 3, 7, '2000-02-25'),
(304, 12, 3, '2004-01-20'),
(305, 5, 1, '1981-05-26'),
(306, 13, 12, '2020-01-31'),
(307, 15, 13, '2022-05-03'),
(308, 3, 6, '2018-03-05'),
(309, 13, 6, '2002-09-16'),
(310, 7, 12, '1996-05-10'),
(311, 7, 12, '2020-01-23'),
(312, 4, 2, '1998-02-24'),
(313, 10, 11, '1980-07-10'),
(314, 5, 11, '2013-12-24'),
(315, 15, 10, '1988-11-10'),
(316, 14, 9, '2011-10-09'),
(317, 6, 5, '1977-08-20'),
(318, 5, 4, '2018-10-22'),
(319, 10, 8, '2003-07-24'),
(320, 12, 13, '1999-12-25'),
(321, 8, 14, '1980-08-09'),
(322, 3, 6, '1983-10-16'),
(323, 5, 11, '1990-01-26'),
(324, 4, 7, '2001-01-14'),
(325, 9, 4, '1999-10-20'),
(326, 6, 6, '1999-07-13'),
(327, 9, 2, '2008-10-09'),
(328, 8, 14, '1972-02-14'),
(329, 12, 10, '1988-03-12'),
(330, 3, 7, '1988-10-10'),
(331, 15, 1, '1996-06-04'),
(332, 7, 3, '1992-07-07'),
(333, 8, 2, '1988-05-13'),
(334, 2, 6, '1997-12-10'),
(335, 10, 11, '2012-09-14'),
(336, 12, 12, '2002-06-17'),
(337, 13, 9, '2002-06-21'),
(338, 12, 10, '2014-07-11'),
(339, 8, 14, '1989-11-30'),
(340, 11, 12, '1975-04-08'),
(341, 4, 13, '2013-09-14'),
(342, 8, 13, '1990-11-14'),
(343, 3, 9, '1987-06-10'),
(344, 6, 9, '2019-06-29'),
(345, 15, 8, '2004-04-22'),
(346, 4, 14, '1992-01-09'),
(347, 5, 9, '2013-05-21'),
(348, 2, 1, '2022-02-08'),
(349, 14, 12, '2007-02-26'),
(350, 10, 7, '1994-03-28'),
(351, 3, 10, '1999-03-21'),
(352, 1, 1, '1983-07-23'),
(353, 1, 12, '2011-02-14'),
(354, 8, 9, '1994-08-23'),
(355, 3, 11, '1980-12-26'),
(356, 14, 3, '1999-06-25'),
(357, 10, 15, '1982-06-25'),
(358, 3, 11, '1973-10-26'),
(359, 13, 6, '1970-02-12'),
(360, 12, 15, '2011-12-27'),
(361, 15, 1, '2013-07-23'),
(362, 3, 5, '1973-07-25'),
(363, 6, 14, '1998-01-11'),
(364, 2, 15, '2021-12-19'),
(365, 10, 12, '2014-08-02'),
(366, 10, 11, '1973-01-27'),
(367, 7, 11, '2002-10-01'),
(368, 2, 6, '1985-11-09'),
(369, 12, 11, '2003-12-13'),
(370, 2, 3, '1988-06-12'),
(371, 3, 10, '1978-10-04'),
(372, 10, 8, '1974-10-07'),
(373, 6, 5, '1990-05-04'),
(374, 8, 9, '1976-05-13'),
(375, 15, 15, '1978-03-27'),
(376, 14, 14, '2020-02-18'),
(377, 4, 5, '2008-04-16'),
(378, 9, 2, '1997-04-17'),
(379, 10, 13, '1970-08-18'),
(380, 15, 9, '1996-06-28'),
(381, 13, 5, '1983-04-23'),
(382, 2, 15, '1987-06-12'),
(383, 13, 6, '2017-08-21'),
(384, 2, 3, '1981-10-14'),
(385, 1, 15, '2008-09-19'),
(386, 10, 5, '2007-09-06'),
(387, 7, 2, '1984-07-02'),
(388, 5, 5, '1976-02-25'),
(389, 12, 3, '1987-12-02'),
(390, 15, 10, '1987-02-13'),
(391, 6, 15, '2017-03-30'),
(392, 7, 5, '2018-09-28'),
(393, 5, 10, '1984-04-01'),
(394, 12, 12, '1985-04-11'),
(395, 13, 1, '2017-03-06'),
(396, 3, 5, '1971-09-04'),
(397, 4, 3, '1978-04-04'),
(398, 7, 4, '1970-03-23'),
(399, 9, 7, '1999-03-16'),
(400, 4, 6, '2013-08-26'),
(401, 7, 11, '2017-04-22'),
(402, 12, 14, '2020-06-04'),
(403, 7, 6, '2023-07-25'),
(404, 14, 8, '1974-12-01'),
(405, 15, 2, '2006-10-03'),
(406, 15, 10, '1985-06-13'),
(407, 4, 4, '2003-04-09'),
(408, 10, 1, '1975-01-13'),
(409, 5, 11, '2005-06-05'),
(410, 1, 13, '2006-03-26'),
(411, 11, 9, '1994-11-23'),
(412, 14, 9, '1996-06-21'),
(413, 6, 4, '1972-12-24'),
(414, 11, 7, '1986-07-13'),
(415, 3, 10, '2001-01-25'),
(416, 6, 9, '1982-09-20'),
(417, 1, 2, '1993-02-21'),
(418, 3, 1, '1998-03-31'),
(419, 1, 13, '2008-01-09'),
(420, 4, 10, '1977-03-29'),
(421, 8, 14, '2012-04-21'),
(422, 1, 10, '1981-03-15'),
(423, 12, 4, '1982-01-25'),
(424, 9, 4, '2009-10-04'),
(425, 9, 11, '1983-07-17'),
(426, 6, 12, '2018-02-21'),
(427, 2, 3, '2011-06-13'),
(428, 8, 15, '1983-05-31'),
(429, 1, 5, '1989-01-27'),
(430, 9, 8, '1996-01-27'),
(431, 5, 5, '1998-05-30'),
(432, 13, 14, '1977-01-17'),
(433, 2, 15, '1997-02-11'),
(434, 9, 8, '2000-04-16'),
(435, 14, 9, '1987-09-09'),
(436, 2, 5, '2005-05-04'),
(437, 3, 6, '1999-10-01'),
(438, 10, 14, '2011-03-08'),
(439, 15, 4, '2019-07-27'),
(440, 9, 11, '2022-10-14'),
(441, 7, 12, '2010-09-02'),
(442, 2, 11, '2022-10-05'),
(443, 15, 1, '2001-12-14'),
(444, 7, 12, '1997-03-04'),
(445, 15, 2, '1996-12-14'),
(446, 12, 13, '1997-07-02'),
(447, 15, 2, '2019-08-15'),
(448, 2, 8, '1990-09-22'),
(449, 3, 7, '2015-07-10'),
(450, 7, 7, '2004-12-15'),
(451, 10, 15, '1970-03-26'),
(452, 8, 12, '2011-05-26'),
(453, 5, 13, '1986-10-04'),
(454, 15, 14, '1971-10-21'),
(455, 11, 9, '2000-05-31'),
(456, 10, 2, '1995-04-14'),
(457, 10, 4, '1981-11-29'),
(458, 3, 13, '1979-02-21'),
(459, 7, 3, '2000-11-22'),
(460, 15, 12, '1980-06-29'),
(461, 9, 12, '1979-02-15'),
(462, 4, 5, '2018-01-16'),
(463, 12, 11, '2007-07-03'),
(464, 8, 11, '2019-11-21'),
(465, 4, 14, '1995-01-21'),
(466, 9, 5, '1971-09-06'),
(467, 15, 8, '2010-04-13'),
(468, 15, 2, '2003-09-02'),
(469, 8, 2, '2009-09-08'),
(470, 15, 3, '1994-03-20'),
(471, 4, 11, '2009-01-11'),
(472, 5, 8, '1989-04-17'),
(473, 12, 11, '1988-11-23'),
(474, 15, 11, '2018-06-21'),
(475, 1, 8, '2023-08-18'),
(476, 13, 5, '2019-04-02'),
(477, 13, 2, '2000-11-08'),
(478, 6, 11, '1993-04-06'),
(479, 5, 5, '2019-06-07'),
(480, 3, 4, '1971-05-19'),
(481, 15, 4, '1989-05-18'),
(482, 7, 4, '1985-09-09'),
(483, 8, 13, '1996-01-21'),
(484, 11, 12, '2014-05-07'),
(485, 13, 2, '1974-02-17'),
(486, 7, 10, '2019-08-14'),
(487, 5, 5, '2021-08-26'),
(488, 12, 10, '2021-10-28'),
(489, 9, 14, '1981-06-19'),
(490, 1, 9, '1989-01-23'),
(491, 5, 7, '1981-05-21'),
(492, 14, 8, '2002-09-11'),
(493, 2, 2, '2010-07-11'),
(494, 6, 10, '1979-11-18'),
(495, 12, 2, '2014-12-28'),
(496, 12, 14, '1978-11-01'),
(497, 4, 15, '1998-10-09'),
(498, 13, 5, '1985-12-20'),
(499, 7, 5, '1986-03-14'),
(500, 13, 7, '2011-09-06'),
(501, 15, 15, '1986-05-09'),
(502, 4, 5, '1998-08-05'),
(503, 3, 2, '2001-09-26'),
(504, 11, 11, '1983-07-24'),
(505, 4, 8, '1976-06-04'),
(506, 7, 6, '1997-05-08'),
(507, 8, 3, '2012-09-03'),
(508, 5, 12, '1989-06-30'),
(509, 15, 10, '1971-10-04'),
(510, 11, 6, '2019-07-14'),
(511, 10, 7, '2015-06-04'),
(512, 2, 15, '2005-08-30'),
(513, 15, 3, '1974-06-02'),
(514, 10, 15, '2020-07-23'),
(515, 11, 6, '1999-07-20'),
(516, 5, 4, '1992-10-28'),
(517, 13, 12, '1984-06-01'),
(518, 14, 4, '1970-01-05'),
(519, 15, 1, '1991-09-24'),
(520, 9, 10, '1974-08-31'),
(521, 10, 14, '2019-05-14'),
(522, 3, 9, '1990-03-25'),
(523, 12, 4, '1975-08-02'),
(524, 1, 11, '1986-11-11'),
(525, 13, 3, '2005-12-01'),
(526, 13, 1, '1987-10-09'),
(527, 3, 5, '1983-03-15'),
(528, 15, 4, '1980-04-29'),
(529, 5, 5, '2018-03-07'),
(530, 8, 13, '1982-02-23'),
(531, 12, 5, '1988-07-15'),
(532, 11, 14, '1978-11-25'),
(533, 5, 11, '2006-03-25'),
(534, 4, 11, '2020-12-31'),
(535, 2, 2, '1975-04-11'),
(536, 3, 12, '1997-05-11'),
(537, 12, 5, '1999-05-20'),
(538, 7, 11, '1978-11-28'),
(539, 6, 1, '1995-05-25'),
(540, 13, 2, '1984-03-28'),
(541, 11, 13, '1981-03-26'),
(542, 1, 3, '2012-04-19'),
(543, 8, 14, '1987-02-14'),
(544, 3, 2, '2005-10-11'),
(545, 6, 8, '1971-02-13'),
(546, 10, 1, '2000-11-15'),
(547, 13, 7, '1970-09-23'),
(548, 2, 14, '2009-11-16'),
(549, 15, 2, '2005-11-27'),
(550, 6, 15, '1988-01-21'),
(551, 1, 2, '2016-10-08'),
(552, 14, 12, '1980-08-23'),
(553, 6, 15, '1991-11-28'),
(554, 7, 10, '1973-10-12'),
(555, 12, 2, '2004-01-14'),
(556, 3, 10, '2021-12-06'),
(557, 4, 2, '2008-10-10'),
(558, 2, 15, '1984-08-08'),
(559, 10, 15, '2008-10-27'),
(560, 15, 9, '1979-10-31'),
(561, 8, 15, '1989-06-10'),
(562, 2, 11, '2022-03-24'),
(563, 4, 15, '1976-01-29'),
(564, 4, 5, '1999-08-27'),
(565, 7, 12, '2001-03-28'),
(566, 3, 5, '1987-07-29'),
(567, 10, 10, '2008-10-03'),
(568, 2, 6, '2014-07-24'),
(569, 11, 14, '2022-11-14'),
(570, 12, 4, '1975-06-26'),
(571, 14, 1, '1995-11-09'),
(572, 3, 4, '2008-05-12'),
(573, 12, 15, '2002-04-06'),
(574, 11, 8, '1983-12-11'),
(575, 4, 12, '1986-11-20'),
(576, 14, 6, '2014-09-17'),
(577, 10, 2, '1973-11-22'),
(578, 9, 3, '2012-08-31'),
(579, 6, 5, '1970-04-03'),
(580, 5, 15, '1987-02-04'),
(581, 2, 10, '1972-06-12'),
(582, 11, 10, '1976-05-21'),
(583, 13, 14, '1984-06-25'),
(584, 1, 5, '2007-10-11'),
(585, 14, 4, '2017-08-12'),
(586, 13, 2, '1978-02-11'),
(587, 10, 5, '1990-09-07'),
(588, 14, 6, '2006-09-05'),
(589, 9, 1, '1994-03-06'),
(590, 2, 1, '2007-12-13'),
(591, 6, 6, '1981-02-21'),
(592, 7, 8, '1973-12-25'),
(593, 12, 11, '1972-03-05'),
(594, 14, 10, '1970-03-21'),
(595, 15, 15, '2014-06-21'),
(596, 14, 3, '1995-09-02'),
(597, 11, 8, '2014-07-12'),
(598, 4, 7, '2007-06-21'),
(599, 8, 8, '2000-08-17'),
(600, 6, 9, '2005-08-18'),
(601, 4, 8, '2021-10-14'),
(602, 8, 11, '1989-06-19'),
(603, 9, 2, '2017-12-23'),
(604, 8, 5, '1987-12-06'),
(605, 15, 11, '2012-07-17'),
(606, 6, 1, '2000-03-04'),
(607, 5, 12, '1970-11-30'),
(608, 13, 1, '1975-03-07'),
(609, 11, 1, '1983-11-10'),
(610, 7, 11, '1976-06-05'),
(611, 11, 3, '1996-07-21'),
(612, 1, 9, '1982-10-01'),
(613, 10, 13, '2022-12-01'),
(614, 7, 13, '2016-02-10'),
(615, 10, 1, '2006-11-23'),
(616, 11, 11, '1972-07-11'),
(617, 11, 15, '2000-04-08'),
(618, 15, 1, '1989-07-05'),
(619, 14, 12, '2013-05-09'),
(620, 5, 5, '2012-02-07'),
(621, 7, 3, '2013-10-04'),
(622, 11, 8, '1973-03-26'),
(623, 10, 3, '2018-08-17'),
(624, 12, 5, '1975-02-15'),
(625, 4, 3, '1973-09-09'),
(626, 12, 8, '2015-08-30'),
(627, 4, 11, '2021-06-08'),
(628, 6, 5, '2013-08-03'),
(629, 3, 12, '1998-01-28'),
(630, 12, 14, '2018-08-11'),
(631, 13, 2, '1992-08-27'),
(632, 6, 5, '1999-09-30'),
(633, 14, 15, '1979-08-26'),
(634, 1, 11, '1998-05-14'),
(635, 14, 15, '1984-05-04'),
(636, 3, 7, '2022-09-06'),
(637, 1, 8, '2005-04-26'),
(638, 11, 11, '2013-02-02'),
(639, 3, 15, '1991-05-16'),
(640, 10, 6, '2002-06-30'),
(641, 6, 14, '2006-07-07'),
(642, 9, 1, '1975-10-27'),
(643, 9, 11, '1999-05-15'),
(644, 14, 7, '1978-10-10'),
(645, 6, 12, '2017-11-08'),
(646, 15, 15, '2017-08-27'),
(647, 15, 5, '1995-04-08'),
(648, 7, 7, '1970-03-25'),
(649, 11, 4, '1987-03-28'),
(650, 6, 8, '1987-01-28'),
(651, 1, 11, '2007-11-06'),
(652, 15, 4, '1980-07-07'),
(653, 13, 8, '1986-06-18'),
(654, 3, 14, '1982-02-01'),
(655, 5, 13, '1996-02-04'),
(656, 11, 15, '1973-03-03'),
(657, 8, 6, '1995-09-28'),
(658, 13, 3, '1987-09-02'),
(659, 6, 9, '2008-03-25'),
(660, 6, 1, '1984-07-11'),
(661, 11, 11, '1970-01-10'),
(662, 9, 12, '1998-11-11'),
(663, 5, 9, '2009-02-19'),
(664, 12, 3, '2009-12-08'),
(665, 10, 10, '2010-01-11'),
(666, 9, 13, '2018-07-28'),
(667, 12, 6, '1988-05-10'),
(668, 6, 4, '1976-06-21'),
(669, 4, 11, '2010-12-27'),
(670, 11, 5, '2004-12-14'),
(671, 8, 12, '2015-09-26'),
(672, 4, 15, '2015-04-20'),
(673, 1, 5, '1996-10-13'),
(674, 7, 13, '1973-02-25'),
(675, 15, 2, '1975-01-04'),
(676, 7, 2, '1979-09-19'),
(677, 1, 3, '2019-11-05'),
(678, 5, 6, '1974-09-14'),
(679, 6, 10, '1976-07-04'),
(680, 15, 6, '2010-01-04'),
(681, 5, 10, '1987-01-27'),
(682, 2, 6, '1982-01-09'),
(683, 11, 8, '1997-05-03'),
(684, 15, 12, '1997-06-05'),
(685, 14, 2, '1990-03-20'),
(686, 10, 11, '1995-11-29'),
(687, 2, 2, '1994-09-19'),
(688, 5, 8, '2011-09-01'),
(689, 3, 14, '1974-08-12'),
(690, 12, 15, '2011-03-31'),
(691, 3, 15, '2006-03-12'),
(692, 8, 13, '1974-07-14'),
(693, 8, 9, '1997-03-24'),
(694, 4, 9, '1974-05-03'),
(695, 6, 1, '2022-01-16'),
(696, 10, 5, '2001-03-18'),
(697, 10, 6, '1987-10-24'),
(698, 3, 6, '2017-06-30'),
(699, 4, 13, '1970-01-25'),
(700, 6, 13, '2008-04-10'),
(701, 13, 9, '1994-06-27'),
(702, 3, 11, '1989-07-21'),
(703, 15, 9, '2015-01-31'),
(704, 9, 2, '2009-09-26'),
(705, 8, 14, '1978-11-03'),
(706, 12, 9, '1973-08-21'),
(707, 10, 8, '2007-10-11'),
(708, 14, 12, '1982-02-25'),
(709, 14, 3, '2005-08-07'),
(710, 4, 5, '1982-04-12'),
(711, 7, 10, '1993-06-06'),
(712, 11, 6, '2012-01-13'),
(713, 14, 15, '2021-09-01'),
(714, 10, 3, '2018-05-31'),
(715, 13, 6, '1985-11-25'),
(716, 2, 8, '1973-04-18'),
(717, 5, 4, '1991-05-27'),
(718, 11, 2, '2017-10-15'),
(719, 5, 7, '2019-12-19'),
(720, 15, 14, '2017-11-12'),
(721, 8, 13, '2010-07-11'),
(722, 6, 5, '2020-08-23'),
(723, 12, 8, '1999-09-08'),
(724, 7, 12, '1989-06-08'),
(725, 4, 10, '1988-01-21'),
(726, 7, 3, '2000-01-05'),
(727, 9, 3, '1988-01-08'),
(728, 4, 12, '1972-06-28'),
(729, 12, 3, '1994-07-16'),
(730, 13, 3, '2018-02-03'),
(731, 12, 12, '2007-05-03'),
(732, 5, 5, '1970-02-02'),
(733, 14, 14, '1997-04-08'),
(734, 10, 15, '1990-10-19'),
(735, 9, 5, '2003-04-21'),
(736, 6, 6, '1992-06-20'),
(737, 5, 15, '1991-11-18'),
(738, 11, 14, '1992-07-07'),
(739, 6, 12, '2018-12-05'),
(740, 13, 7, '1988-09-16'),
(741, 2, 12, '1997-08-01'),
(742, 1, 13, '2013-01-04'),
(743, 1, 5, '1988-04-10'),
(744, 4, 3, '2009-12-01'),
(745, 9, 9, '1999-03-23'),
(746, 5, 5, '1971-03-12'),
(747, 12, 10, '1986-02-21'),
(748, 8, 14, '1996-03-23'),
(749, 6, 1, '2001-06-15'),
(750, 1, 15, '2015-02-02'),
(751, 3, 15, '2003-11-02'),
(752, 6, 11, '2013-08-24'),
(753, 10, 1, '2000-01-11'),
(754, 4, 2, '1984-11-07'),
(755, 11, 12, '2001-05-08'),
(756, 6, 14, '2002-04-09'),
(757, 6, 8, '1980-10-02'),
(758, 7, 7, '2010-01-31'),
(759, 8, 11, '2015-09-22'),
(760, 5, 9, '2011-08-26'),
(761, 3, 14, '1976-09-08'),
(762, 14, 4, '1991-06-06'),
(763, 12, 1, '1995-07-08'),
(764, 4, 10, '1970-05-05'),
(765, 14, 10, '1983-05-09'),
(766, 5, 8, '1978-07-27'),
(767, 12, 9, '2009-01-31'),
(768, 6, 11, '1997-09-10'),
(769, 7, 3, '1991-04-30'),
(770, 9, 12, '2012-01-29'),
(771, 14, 9, '1978-08-06'),
(772, 10, 12, '1983-09-27'),
(773, 3, 9, '1993-07-26'),
(774, 7, 8, '2007-09-28'),
(775, 14, 14, '1973-02-16'),
(776, 2, 1, '1984-12-10'),
(777, 13, 9, '2018-10-04'),
(778, 9, 12, '2009-07-28'),
(779, 10, 13, '1998-07-05'),
(780, 7, 6, '1994-12-21'),
(781, 15, 13, '1990-12-01'),
(782, 5, 10, '1971-01-15'),
(783, 11, 14, '2011-01-14'),
(784, 14, 13, '1990-08-26'),
(785, 8, 12, '2002-12-11'),
(786, 1, 6, '2017-02-26'),
(787, 3, 2, '2012-08-18'),
(788, 4, 2, '1975-02-14'),
(789, 2, 7, '1975-07-22'),
(790, 6, 15, '1992-05-01'),
(791, 8, 4, '2021-04-08'),
(792, 2, 10, '2008-04-15'),
(793, 6, 11, '2015-11-03'),
(794, 5, 4, '2020-02-11'),
(795, 11, 15, '1991-03-13'),
(796, 3, 3, '2002-01-05'),
(797, 4, 1, '1975-12-20'),
(798, 7, 1, '1998-05-24'),
(799, 13, 4, '1982-09-08'),
(800, 6, 8, '2000-01-09'),
(801, 2, 14, '1998-05-12'),
(802, 9, 15, '2015-11-15'),
(803, 2, 8, '2021-06-13'),
(804, 2, 5, '1990-03-31'),
(805, 7, 5, '2018-05-24'),
(806, 3, 3, '1981-01-08'),
(807, 15, 3, '2011-07-02'),
(808, 9, 10, '1985-08-04'),
(809, 12, 9, '2009-04-13'),
(810, 5, 3, '2012-07-29'),
(811, 7, 9, '1974-08-23'),
(812, 15, 6, '1972-02-11'),
(813, 8, 1, '2014-05-25'),
(814, 7, 8, '1976-06-23'),
(815, 8, 6, '1988-10-15'),
(816, 6, 15, '2004-05-22'),
(817, 2, 13, '1993-03-22'),
(818, 10, 15, '2008-01-07'),
(819, 1, 2, '1992-09-12'),
(820, 13, 11, '1997-02-02'),
(821, 12, 14, '1975-07-12'),
(822, 15, 7, '2021-04-16'),
(823, 2, 10, '1991-08-28'),
(824, 10, 3, '2007-06-29'),
(825, 9, 13, '2021-04-06'),
(826, 13, 11, '2021-08-15'),
(827, 11, 11, '1987-05-07'),
(828, 14, 12, '2013-04-30'),
(829, 3, 10, '2016-06-12'),
(830, 15, 3, '1987-01-26'),
(831, 1, 13, '1986-10-20'),
(832, 14, 3, '1972-04-16'),
(833, 5, 8, '2013-08-08'),
(834, 2, 15, '2001-07-14'),
(835, 7, 5, '2000-03-12'),
(836, 3, 13, '2001-07-18'),
(837, 13, 3, '2009-09-03'),
(838, 1, 9, '2006-08-18'),
(839, 14, 2, '2002-07-08'),
(840, 1, 8, '2017-12-16'),
(841, 12, 10, '2004-08-18'),
(842, 3, 4, '2007-04-14'),
(843, 4, 9, '2010-11-08'),
(844, 4, 14, '1992-04-04'),
(845, 5, 10, '2009-10-22'),
(846, 2, 9, '1979-07-09'),
(847, 8, 6, '1992-04-28'),
(848, 7, 14, '2002-07-15'),
(849, 9, 2, '1981-05-03'),
(850, 3, 11, '2012-01-18'),
(851, 3, 1, '2005-08-16'),
(852, 4, 10, '1992-01-06'),
(853, 1, 8, '2002-06-14'),
(854, 14, 8, '2004-01-08'),
(855, 6, 15, '1975-07-05'),
(856, 1, 3, '1989-08-23'),
(857, 7, 14, '2001-10-31'),
(858, 2, 14, '2011-07-16'),
(859, 12, 2, '1985-11-08'),
(860, 11, 5, '1998-11-26'),
(861, 9, 6, '1983-03-27'),
(862, 12, 2, '2003-02-07'),
(863, 4, 1, '2021-10-20'),
(864, 5, 11, '1970-03-04'),
(865, 3, 15, '1996-10-19'),
(866, 6, 15, '1995-04-17'),
(867, 14, 10, '2012-01-14'),
(868, 7, 11, '2022-09-19'),
(869, 10, 2, '1984-07-05'),
(870, 9, 5, '1982-08-02'),
(871, 1, 14, '2009-08-31'),
(872, 14, 3, '2002-09-19'),
(873, 8, 1, '1999-11-12'),
(874, 12, 15, '2020-02-15'),
(875, 1, 8, '1999-07-26'),
(876, 1, 11, '2006-11-03'),
(877, 7, 11, '1994-05-23'),
(878, 10, 4, '1998-12-26'),
(879, 5, 9, '2018-12-17'),
(880, 13, 13, '2020-06-08'),
(881, 12, 8, '2011-04-05'),
(882, 13, 6, '1972-07-26'),
(883, 7, 4, '2018-12-15'),
(884, 3, 7, '2002-01-06'),
(885, 11, 9, '2014-05-24'),
(886, 4, 5, '1983-12-21'),
(887, 10, 5, '1990-08-23'),
(888, 11, 5, '1988-05-03'),
(889, 10, 7, '2008-02-18'),
(890, 2, 11, '1988-01-20'),
(891, 9, 15, '1982-11-03'),
(892, 5, 1, '1978-10-23'),
(893, 12, 3, '2020-05-27'),
(894, 11, 7, '2009-05-25'),
(895, 3, 14, '2012-04-01'),
(896, 7, 9, '1992-11-14'),
(897, 10, 2, '2002-06-03'),
(898, 2, 13, '2013-11-27'),
(899, 4, 3, '1987-07-18'),
(900, 12, 12, '1994-05-31'),
(901, 9, 1, '1984-06-05'),
(902, 1, 13, '1974-10-19'),
(903, 2, 15, '2005-09-16'),
(904, 13, 7, '1975-12-28'),
(905, 9, 9, '2019-01-29'),
(906, 10, 3, '1980-04-20'),
(907, 10, 2, '1995-12-09'),
(908, 8, 12, '1984-04-19'),
(909, 8, 14, '1973-09-05'),
(910, 5, 6, '1990-04-04'),
(911, 8, 13, '2007-04-04'),
(912, 7, 10, '1989-04-14'),
(913, 12, 9, '1971-12-06'),
(914, 2, 12, '1973-02-23'),
(915, 1, 2, '2021-08-12'),
(916, 6, 14, '2007-05-19'),
(917, 11, 9, '2018-07-06'),
(918, 3, 11, '1970-08-04'),
(919, 12, 2, '2006-06-29'),
(920, 13, 13, '1970-02-22'),
(921, 12, 11, '1990-08-29'),
(922, 9, 15, '1989-05-07'),
(923, 8, 2, '1973-04-15'),
(924, 9, 7, '1971-10-18'),
(925, 9, 10, '2012-02-10'),
(926, 14, 7, '2016-02-01'),
(927, 10, 6, '2012-03-27'),
(928, 10, 5, '1981-10-28'),
(929, 9, 1, '2004-10-07'),
(930, 5, 2, '2017-11-20'),
(931, 14, 1, '1991-11-23'),
(932, 3, 7, '2000-12-29'),
(933, 7, 8, '1971-03-22'),
(934, 7, 5, '1984-02-11'),
(935, 5, 8, '2013-05-04'),
(936, 4, 4, '2022-11-06'),
(937, 6, 9, '1993-04-10'),
(938, 6, 15, '1979-02-22'),
(939, 13, 13, '1989-03-16'),
(940, 6, 10, '1985-09-29'),
(941, 3, 1, '2004-12-17'),
(942, 5, 9, '2003-05-18'),
(943, 13, 1, '2012-04-01'),
(944, 8, 9, '1988-07-29'),
(945, 15, 15, '1984-03-16'),
(946, 12, 6, '1998-11-03'),
(947, 3, 2, '1988-10-30'),
(948, 11, 15, '2002-04-29'),
(949, 1, 12, '2011-10-23'),
(950, 2, 11, '1998-10-24'),
(951, 5, 13, '2011-10-04'),
(952, 6, 3, '2000-07-18'),
(953, 4, 7, '2016-06-16'),
(954, 3, 8, '1985-07-04'),
(955, 7, 2, '2009-12-30'),
(956, 7, 6, '1980-09-09'),
(957, 13, 5, '2023-02-05'),
(958, 13, 12, '1992-07-04'),
(959, 7, 12, '2018-07-01'),
(960, 9, 14, '2020-02-19'),
(961, 10, 5, '2003-06-12'),
(962, 10, 10, '1976-07-27'),
(963, 9, 12, '1975-05-26'),
(964, 11, 3, '2005-06-26'),
(965, 6, 12, '1985-01-26'),
(966, 1, 7, '1980-06-10'),
(967, 11, 14, '1975-06-07'),
(968, 14, 5, '2016-09-07'),
(969, 8, 15, '1990-08-21'),
(970, 5, 7, '1999-04-09'),
(971, 7, 13, '2016-03-27'),
(972, 4, 4, '2015-10-27'),
(973, 3, 14, '2008-07-26'),
(974, 5, 8, '1971-06-29'),
(975, 1, 3, '2006-02-11'),
(976, 9, 2, '1996-02-25'),
(977, 8, 12, '1998-11-18'),
(978, 1, 7, '2011-09-15'),
(979, 4, 12, '2013-11-16'),
(980, 5, 13, '1970-08-31'),
(981, 10, 10, '2018-12-20'),
(982, 9, 9, '2000-02-17'),
(983, 9, 14, '1992-07-01'),
(984, 7, 6, '1992-04-04'),
(985, 5, 10, '1993-03-18'),
(986, 1, 1, '1990-09-04'),
(987, 6, 12, '1987-05-18'),
(988, 5, 13, '1974-01-08'),
(989, 15, 15, '1994-10-13'),
(990, 3, 4, '1983-05-04'),
(991, 1, 12, '2017-09-23'),
(992, 2, 1, '1998-09-21'),
(993, 1, 6, '2021-08-19'),
(994, 5, 12, '2012-10-07'),
(995, 4, 4, '1977-11-27'),
(996, 5, 11, '1983-01-08'),
(997, 8, 4, '2009-12-14'),
(998, 10, 1, '1987-06-23'),
(999, 15, 15, '1976-11-25'),
(1000, 5, 3, '1993-10-06'),
(1001, 11, 14, '1992-03-07');

-- --------------------------------------------------------

--
-- Структура таблицы `user`
--

CREATE TABLE `user` (
  `id` int UNSIGNED NOT NULL,
  `name` varchar(255) NOT NULL
) ENGINE=InnoDB DEFAULT CHARSET=utf8mb4 COLLATE=utf8mb4_0900_ai_ci;

--
-- Дамп данных таблицы `user`
--

INSERT INTO `user` (`id`, `name`) VALUES
(1, 'Harding Hubbard'),
(2, 'Jonah Phelps'),
(3, 'Mannix Moore'),
(4, 'Reece Murphy'),
(5, 'Signe Bentley'),
(6, 'Joan Strong'),
(7, 'Kamal Edwards'),
(8, 'Macon Rodriquez'),
(9, 'Hammett Chase'),
(10, 'Clementine Ferguson'),
(11, 'Brooke Mcclure'),
(12, 'Scarlett Mclaughlin'),
(13, 'Alika Jackson'),
(14, 'Libby Sykes'),
(15, 'Chase Estes'),
(16, 'test');

-- --------------------------------------------------------

--
-- Структура таблицы `user_department`
--

CREATE TABLE `user_department` (
  `id` int UNSIGNED NOT NULL,
  `user_id` int UNSIGNED NOT NULL,
  `department_id` int UNSIGNED NOT NULL
) ENGINE=InnoDB DEFAULT CHARSET=utf8mb4 COLLATE=utf8mb4_0900_ai_ci;

--
-- Дамп данных таблицы `user_department`
--

INSERT INTO `user_department` (`id`, `user_id`, `department_id`) VALUES
(1, 1, 1),
(2, 2, 2),
(3, 3, 3),
(4, 4, 4),
(5, 5, 5),
(6, 6, 6),
(7, 7, 7),
(8, 8, 8),
(9, 9, 9),
(10, 10, 10),
(11, 11, 11),
(12, 12, 12),
(13, 13, 15),
(14, 15, 17);

--
-- Индексы сохранённых таблиц
--

--
-- Индексы таблицы `department`
--
ALTER TABLE `department`
  ADD PRIMARY KEY (`id`);

--
-- Индексы таблицы `thank`
--
ALTER TABLE `thank`
  ADD PRIMARY KEY (`id`),
  ADD KEY `user_from_id` (`user_from_id`),
  ADD KEY `user_to_id` (`user_to_id`);

--
-- Индексы таблицы `user`
--
ALTER TABLE `user`
  ADD PRIMARY KEY (`id`);

--
-- Индексы таблицы `user_department`
--
ALTER TABLE `user_department`
  ADD PRIMARY KEY (`id`),
  ADD KEY `user_id` (`user_id`),
  ADD KEY `department_id` (`department_id`);

--
-- AUTO_INCREMENT для сохранённых таблиц
--

--
-- AUTO_INCREMENT для таблицы `department`
--
ALTER TABLE `department`
  MODIFY `id` int UNSIGNED NOT NULL AUTO_INCREMENT, AUTO_INCREMENT=18;

--
-- AUTO_INCREMENT для таблицы `thank`
--
ALTER TABLE `thank`
  MODIFY `id` int UNSIGNED NOT NULL AUTO_INCREMENT, AUTO_INCREMENT=1002;

--
-- AUTO_INCREMENT для таблицы `user`
--
ALTER TABLE `user`
  MODIFY `id` int UNSIGNED NOT NULL AUTO_INCREMENT, AUTO_INCREMENT=17;

--
-- AUTO_INCREMENT для таблицы `user_department`
--
ALTER TABLE `user_department`
  MODIFY `id` int UNSIGNED NOT NULL AUTO_INCREMENT, AUTO_INCREMENT=15;

--
-- Ограничения внешнего ключа сохраненных таблиц
--

--
-- Ограничения внешнего ключа таблицы `thank`
--
ALTER TABLE `thank`
  ADD CONSTRAINT `thank_ibfk_1` FOREIGN KEY (`user_from_id`) REFERENCES `user` (`id`),
  ADD CONSTRAINT `thank_ibfk_2` FOREIGN KEY (`user_to_id`) REFERENCES `user` (`id`);

--
-- Ограничения внешнего ключа таблицы `user_department`
--
ALTER TABLE `user_department`
  ADD CONSTRAINT `user_department_ibfk_1` FOREIGN KEY (`user_id`) REFERENCES `user` (`id`),
  ADD CONSTRAINT `user_department_ibfk_2` FOREIGN KEY (`department_id`) REFERENCES `department` (`id`);
COMMIT;

/*!40101 SET CHARACTER_SET_CLIENT=@OLD_CHARACTER_SET_CLIENT */;
/*!40101 SET CHARACTER_SET_RESULTS=@OLD_CHARACTER_SET_RESULTS */;
/*!40101 SET COLLATION_CONNECTION=@OLD_COLLATION_CONNECTION */;
